{"accuracy": 0.9047671164339655, "_timestamp": 1716919063.069862, "_runtime": 4.2413489818573, "_step": 1, "n_estimators": 100, "_wandb": {"runtime": 3}}