{"accuracy": 0.9047671164339655, "_timestamp": 1716918092.525942, "_runtime": 4.22157096862793, "_step": 0, "_wandb": {"runtime": 3}}