{"accuracy": 0.9047671164339655, "_timestamp": 1716918270.4010901, "_runtime": 4.337960243225098, "_step": 1, "n_estimators": 100, "_wandb": {"runtime": 3}}