{"accuracy": 0.9047671164339655, "_timestamp": 1716919179.80531, "_runtime": 4.377306938171387, "_step": 1, "n_estimators": 100, "_wandb": {"runtime": 3}}