{"accuracy": 0.9047671164339655, "_timestamp": 1716917426.692349, "_runtime": 4.4253928661346436, "_step": 0, "_wandb": {"runtime": 3}}