{"accuracy": 0.9047671164339655, "_timestamp": 1716917949.819395, "_runtime": 4.326910972595215, "_step": 0, "_wandb": {"runtime": 4}}