{"accuracy": 0.9047671164339655, "_timestamp": 1716917282.028341, "_runtime": 5.127670049667358, "_step": 0, "_wandb": {"runtime": 4}}